provider_id,provider_name,specialty,total_claims,total_billed,avg_billed,avg_minutes,unique_patients,unique_codes,billed_days,claims_per_day,services_per_patient,top_tier_share,active_day_fraction,practice_setting,cohort_key,cohort_size,cohort_fallback,z_avg_billed,z_claims_per_day,z_top_tier_share,z_services_per_patient,z_avg_minutes
PRV0001,Kim Diaz,Endocrinology,494,49266.53,99.72981781376518,18.441295546558706,494,4,347,1.4236311239193085,1.0,0.0,1.3295019157088122,full_time,Endocrinology | full_time,19,False,1.0043925323470013,0.5607874639769521,0.0,-0.6816805699799809,0.9700946617070021
PRV0002,Carol Holloway,Cardiology,517,85491.22,165.36019342359768,25.222437137330754,517,8,368,1.4048913043478262,1.0,0.0,1.4099616858237547,full_time,Cardiology | full_time,20,False,-0.02025032706547326,-0.2505632829993598,0.0,-0.6745,-0.16951648210862294
PRV0003,Richard Dorsey,Endocrinology,423,38543.21,91.11869976359338,16.73758865248227,421,4,301,1.4053156146179402,1.004750593824228,0.0,1.1532567049808429,full_time,Endocrinology | full_time,19,False,-2.2734213953452675,-0.396632890365445,0.0,2.3641600260176205,-2.186310665605625
PRV0004,Willie Harris,Pulmonology,439,73024.62,166.3430979498861,24.954441913439634,439,5,348,1.2614942528735633,1.0,0.0,1.3333333333333333,full_time,Pulmonology | full_time,19,False,-1.3233310096033861,0.6745,0.0,-3.2329482758621184,-0.7246737224511085
PRV0005,Susan Rodriguez,Emergency Medicine,753,103243.23,137.10920318725098,29.535192563081008,750,4,319,2.3605015673981193,1.004,0.0,1.2222222222222223,full_time,Emergency Medicine | full_time,29,False,1.788421716922016,0.4066302190511024,0.0,1.265362000000014,1.7949538183380978
PRV0006,Jennifer Jones,Internal Medicine,668,69716.98,104.3667365269461,20.112275449101798,668,6,385,1.735064935064935,1.0,0.0,1.475095785440613,full_time,Internal Medicine | full_time,22,False,1.0397410356270804,-0.6714905112858198,0.0,-0.6745,0.8520461239248864
PRV0007,Hannah Powell,Cardiology,548,98211.37,179.21782846715328,25.675182481751825,548,8,388,1.4123711340206186,1.0,0.0,1.4865900383141764,full_time,Cardiology | full_time,20,False,0.8441313885557818,-0.0053643195150249534,0.0,-0.6745,0.39413024293830634
PRV0008,Rebecca Alvarado,Psychiatry,8263,1029713.58,124.6174004598814,46.348783734721046,8093,6,345,23.95072463768116,1.0210058074879524,0.0,1.3218390804597702,full_time,Psychiatry | full_time,13,False,-0.21492793452648562,1164.707818484189,0.0,3.282736157877169,0.07246112370240547
PRV0009,Linda Murray,Orthopedic Surgery,384,87140.58,226.92859375,30.885416666666668,334,6,323,1.1888544891640866,1.1497005988023952,0.0,1.2375478927203065,full_time,Orthopedic Surgery | full_time,13,False,-0.9302097503675398,12.41789609675662,0.0,3.3270059247181583,-0.6745000000000001
PRV0010,Rebecca Edwards,Endocrinology,538,53188.38,98.8631598513011,18.37360594795539,537,4,379,1.4195250659630607,1.0018621973929236,0.0,1.4521072796934866,full_time,Endocrinology | full_time,19,False,0.6745,0.34614841688654724,0.0,0.5122662558253696,0.8446882256715474
PRV0011,Suzanne Bryant,Family Medicine,626,67125.91,107.22988817891374,20.88658146964856,623,7,317,1.974763406940063,1.0048154093097914,0.0,1.21455938697318,full_time,Family Medicine | full_time,38,False,2.994191786346197,0.659677053339948,0.0,1.2778708305480981,2.516353258885463
PRV0012,Curtis Jones,Cardiology,621,79987.27,128.8039774557166,20.25764895330113,504,7,348,1.7844827586206897,1.2321428571428572,0.0,1.3333333333333333,full_time,Cardiology | full_time,20,False,-2.300475241029624,12.192959525250512,0.0,80.27754464286001,-6.3504449774823435
PRV0013,Lisa Ray,Emergency Medicine,761,100473.89,132.02876478318004,28.482260183968464,760,4,329,2.31306990881459,1.0013157894736842,0.0,1.260536398467433,full_time,Emergency Medicine | full_time,29,False,0.43351094868448675,-0.48967439722527334,0.0,-0.03638750000002083,0.23857772578410189
PRV0014,Jason Delgado,Dermatology,620,48840.15,78.77443548387097,12.814516129032258,618,7,364,1.7032967032967032,1.0032362459546926,0.0,1.3946360153256705,full_time,Dermatology | full_time,28,False,0.4782912189411023,-1.1323725578607182,0.0,0.837115075999261,0.40176929996215743
PRV0015,Megan Reid,Family Medicine,568,57224.03,100.74653169014084,19.797535211267604,566,7,294,1.9319727891156462,1.0035335689045937,0.0,1.1264367816091954,full_time,Family Medicine | full_time,38,False,-0.42233482948516726,-0.8808898048009226,0.0,0.7581584539828677,-0.12326974594695318
PRV0016,Dustin Chavez,Dermatology,611,48934.82,80.08972176759411,13.003273322422258,611,7,349,1.7507163323782235,1.0,0.0,1.3371647509578544,full_time,Dermatology | full_time,28,False,1.0284890243981843,-0.12418281777569497,0.0,-0.6745,1.007468503857173
PRV0017,Rebecca Edwards,Psychiatry,428,52823.03,123.41829439252336,46.57710280373832,428,6,349,1.2263610315186246,1.0,0.0,1.3371647509578544,full_time,Psychiatry | full_time,13,False,-0.6745,2.5754817276527557,0.0,-0.3472261949015005,0.3660304408186631
PRV0018,Lisa Reynolds,Family Medicine,745,76868.69,103.17944966442953,20.120805369127517,745,7,381,1.9553805774278215,1.0,0.0,1.4597701149425288,full_time,Family Medicine | full_time,38,False,0.8597370460450108,-0.03815219712989118,0.0,-0.6745,0.660270290939466
PRV0019,Krista Parsons,Endocrinology,447,42690.68,95.5048769574944,17.695749440715883,447,4,323,1.3839009287925697,1.0,0.0,1.2375478927203065,full_time,Endocrinology | full_time,19,False,-0.6038272019166772,-1.5160588235294055,0.0,-0.6816805699799809,-0.4111556627598389
PRV0020,Maria Allison,Family Medicine,659,64836.12,98.38561456752656,19.104704097116844,659,7,346,1.9046242774566473,1.0,0.0,1.3256704980842913,full_time,Family Medicine | full_time,38,False,-1.6664645023099867,-1.8655030874184904,0.0,-0.6745,-1.8025491459743173
PRV0021,William Rice,Emergency Medicine,898,115186.73,128.27030066815144,27.895322939866368,897,4,380,2.363157894736842,1.0011148272017838,0.0,1.4559386973180077,full_time,Emergency Medicine | full_time,29,False,-0.5688402455364823,0.4568261963190179,0.0,-0.13384726867331662,-0.6289946964069248
PRV0022,Patricia Williams,Dermatology,508,37903.79,74.61375984251968,12.19488188976378,508,7,287,1.7700348432055748,1.0,0.0,1.0996168582375478,full_time,Dermatology | full_time,28,False,-1.2621622742788414,0.2865484508382798,0.0,-0.6745,-1.586562687235606
PRV0023,Noah Gibson PhD,Family Medicine,564,59648.24,105.75929078014184,20.71808510638298,563,7,293,1.924914675767918,1.0017761989342806,0.0,1.1226053639846743,full_time,Family Medicine | full_time,38,False,2.219232833714622,-1.1349991413178417,0.0,0.04564625662014312,2.1079529055637884
PRV0024,Katherine Goodwin,Emergency Medicine,918,118417.08,128.9946405228758,28.0718954248366,917,4,385,2.3844155844155845,1.0010905125408942,0.0,1.475095785440613,full_time,Emergency Medicine | full_time,29,False,-0.37566481637602656,0.8585276328579401,0.0,-0.1456390403489674,-0.36799674472255883
PRV0025,Heather Grant,Emergency Medicine,919,120907.16,131.56383025027205,28.449401523394993,917,4,387,2.3746770025839794,1.0021810250817884,0.0,1.4827586206896552,full_time,Emergency Medicine | full_time,29,False,0.3095167664781349,0.6745,0.0,0.3832219193020652,0.1900081929590219
PRV0026,Dawn Jones,OB/GYN,441,110607.89,250.81154195011337,28.662131519274375,440,5,347,1.2708933717579252,1.0022727272727272,0.0,1.3295019157088122,full_time,OB/GYN | full_time,13,False,-1.6838661517954652,1.084189186330807,0.0,1.2449411561671595,-1.8247142099274367
PRV0027,Anthony Jackson,Family Medicine,746,78900.96,105.76536193029492,20.7171581769437,746,7,394,1.8934010152284264,1.0,0.0,1.5095785440613028,full_time,Family Medicine | full_time,38,False,2.2224321404506644,-2.269567966779858,0.0,-0.6745,2.1057062202159873
PRV0028,Cheryl Cisneros,Ophthalmology,474,111909.63,236.09626582278483,25.348101265822784,474,4,290,1.6344827586206896,1.0,0.0,1.1111111111111112,full_time,Ophthalmology | full_time,24,False,-0.061978138387216934,1.7781750153301785,0.0,-0.6898236977967241,0.4847724511581344
PRV0029,Sherry Spencer,Pulmonology,411,74803.2,182.0029197080292,25.790754257907544,411,5,329,1.249240121580547,1.0,0.0,1.260536398467433,full_time,Pulmonology | full_time,19,False,0.6342029153940341,-0.04459080547112547,0.0,-3.2329482758621184,0.4825233551571265
PRV0030,Larry Ibarra,Neurology,419,104839.17,250.21281622911695,40.39379474940334,418,5,361,1.1606648199445984,1.0023923444976077,0.0,1.3831417624521072,full_time,Neurology | full_time,12,False,-1.2014389762785596,-0.8615364920304319,0.0,-0.1090380103244078,-1.0687443530026675
PRV0031,Jessica Figueroa,Cardiology,526,85891.06,163.2909885931559,25.494296577946766,525,8,393,1.3384223918575064,1.0019047619047619,0.0,1.5057471264367817,full_time,Cardiology | full_time,20,False,-0.14931872984036226,-2.4295044032552036,0.0,-0.01027809523808978,0.16893577425250014
PRV0032,Mark Reed,Family Medicine,673,68820.41,102.25915304606241,19.9777117384844,673,7,347,1.9394812680115274,1.0,0.0,1.3295019157088122,full_time,Family Medicine | full_time,38,False,0.3747694375916365,-0.6105662074761756,0.0,-0.6745,0.3134409102921279
PRV0033,Harold Rhodes,Pulmonology,409,66520.08,162.640782396088,24.975550122249388,409,5,330,1.2393939393939395,1.0,0.0,1.264367816091954,full_time,Pulmonology | full_time,19,False,-1.786133741942068,-0.6223795454545344,0.0,-3.2329482758621184,-0.6942045225675517
PRV0034,Michelle Lee,Neurology,403,102509.48,254.36595533498758,39.75186104218362,402,5,341,1.1818181818181819,1.0024875621890548,0.0,1.3065134099616857,full_time,Neurology | full_time,12,False,-0.3233772125983606,0.07161286521367448,0.0,-0.0962339172254499,-2.2144001897005414
PRV0035,Mr. Juan Moore,Pulmonology,418,72523.56,173.50133971291865,25.394736842105264,417,5,329,1.2705167173252279,1.0023980815347722,0.0,1.260536398467433,full_time,Pulmonology | full_time,19,False,-0.42852509732133415,1.2039517477203487,0.0,0.6744999999999999,-0.08911841265946954
PRV0036,Sarah Long,Emergency Medicine,720,95711.32,132.9323888888889,28.73611111111111,719,4,300,2.4,1.0013908205841446,0.0,1.1494252873563218,full_time,Emergency Medicine | full_time,29,False,0.6745,1.1530225766871123,0.0,0.0,0.6138036395417151
PRV0037,Phillip Weber,Internal Medicine,577,56430.86,97.80045060658578,18.873483535528596,575,6,315,1.8317460317460317,1.0034782608695652,0.0,1.206896551724138,full_time,Internal Medicine | full_time,22,False,-2.2728556066588115,1.690539819694823,0.0,2.5021017391296763,-1.7868959398362108
PRV0038,Christopher Harrison,Internal Medicine,700,70822.57,101.17510000000001,19.585714285714285,697,6,391,1.7902813299232736,1.0043041606886658,0.0,1.4980842911877394,full_time,Internal Medicine | full_time,22,False,-0.5703936083389636,0.6775094887141802,0.0,3.2563737446190086,-0.2696631704134924
PRV0039,Erica Johnson,Cardiology,633,97617.08,154.21339652448657,21.540284360189574,510,7,349,1.813753581661891,1.2411764705882353,0.0,1.3371647509578544,full_time,Cardiology | full_time,20,False,-0.7155412188411285,13.15249681206101,0.0,83.42771470588531,-4.75362403734357
PRV0040,Margaret Parker,Ophthalmology,488,125279.6,256.7204918032787,26.137295081967213,487,4,316,1.5443037974683544,1.002053388090349,0.0,1.210727969348659,full_time,Ophthalmology | full_time,24,False,1.1317305125492332,-0.9454515579425263,0.0,0.8106337150732255,1.7521778039613494
PRV0041,Kimberly Norman,OB/GYN,421,112685.36,267.66118764845606,29.631828978622327,421,5,340,1.238235294117647,1.0,0.0,1.3026819923371646,full_time,OB/GYN | full_time,13,False,-0.33784548644554613,-0.1299322379089456,0.0,-0.7579573443733238,-0.6745
PRV0042,Courtney Torres,Neurology,373,97164.28,260.49404825737264,41.93029490616622,372,5,321,1.161993769470405,1.0026881720430108,0.0,1.2298850574712643,full_time,Neurology | full_time,12,False,0.9722317092938882,-0.8029118439377338,0.0,-0.06925755172462077,1.6734396963544305
PRV0043,James Fields,Dermatology,730,61920.16,84.82213698630137,14.26027397260274,726,7,356,2.050561797752809,1.0055096418732783,0.0,1.3639846743295019,full_time,Dermatology | full_time,28,False,3.0081070741462863,6.250837983883935,0.0,1.8989934351722642,5.0410328911848925
PRV0044,Robert Farmer,Psychiatry,441,55824.41,126.58596371882086,45.51020408163265,441,6,375,1.176,1.0,0.0,1.4367816091954022,full_time,Psychiatry | full_time,13,False,0.5395480101406834,0.0,0.0,-0.3472261949015005,-1.0057723202423157
PRV0045,Robert Miller,Endocrinology,438,42651.28,97.37735159817352,18.025114155251142,438,4,310,1.4129032258064516,1.0,0.0,1.1877394636015326,full_time,Endocrinology | full_time,19,False,0.10892849609005634,0.0,0.0,-0.6816805699799809,0.19904820693305073
PRV0046,Grace Skinner,Internal Medicine,541,77294.97,142.87425138632162,29.10351201478743,541,6,308,1.7564935064935066,1.0,0.0,1.1800766283524904,full_time,Internal Medicine | full_time,22,False,20.466227480637347,-0.14796587822518137,0.0,-0.6745,20.005668389649017
PRV0047,Joseph Wheeler,Cardiology,481,87794.71,182.52538461538464,26.91268191268191,479,8,336,1.431547619047619,1.0041753653444676,0.0,1.2873563218390804,full_time,Cardiology | full_time,20,False,1.050443002978865,0.6232668736519618,0.0,0.7815187891440896,1.9347590093877896
PRV0048,Charles Trevino,Radiology,643,205107.87,318.985800933126,38.84136858475894,642,6,295,2.1796610169491526,1.0015576323987538,0.0,1.1302681992337165,full_time,Radiology | full_time,30,False,-1.274814101794108,0.6051251027542349,0.0,0.07106522086434705,-1.295737230752718
PRV0049,Jamie Fowler,Emergency Medicine,706,96479.05,136.65587818696883,29.475920679886684,706,4,311,2.270096463022508,1.0,0.0,1.1915708812260537,full_time,Emergency Medicine | full_time,29,False,1.6675237007387282,-1.3017332412759128,0.0,-0.6745,1.7073419794448441
PRV0050,David Williams,Orthopedic Surgery,390,101566.44,260.42676923076925,33.30769230769231,390,6,383,1.0182767624020888,1.0,0.0,1.4674329501915708,full_time,Orthopedic Surgery | full_time,13,False,0.5443296015029068,-0.6714551133452147,0.0,-0.28913616151079224,0.37774619216718097
PRV0051,Christy Nichols,Emergency Medicine,776,97644.25,125.83021907216495,27.557989690721648,771,4,337,2.3026706231454006,1.006485084306096,0.0,1.2911877394636015,full_time,Emergency Medicine | full_time,29,False,-1.2195897609978128,-0.6861871912035076,0.0,2.4705421530479987,-1.1276187435037668
PRV0052,Lauren Garcia,Endocrinology,513,48940.12,95.3998440545809,17.553606237816766,513,4,372,1.3790322580645162,1.0,0.0,1.4252873563218391,full_time,Endocrinology | full_time,19,False,-0.6438078769033563,-1.770562499999987,0.0,-0.6816805699799809,-0.6745
PRV0053,Tiffany Wagner,Radiology,716,229964.75,321.1798184357542,38.93854748603352,715,6,327,2.1896024464831805,1.0013986013986014,0.0,1.2528735632183907,full_time,Radiology | full_time,30,False,-0.5043875819627408,0.7580103709862364,0.0,-0.011529914529841591,-1.003592806295009
PRV0054,Maria Davidson,Radiology,616,197137.09,320.0277435064935,38.92045454545455,616,6,294,2.0952380952380953,1.0,0.0,1.1264367816091954,full_time,Radiology | full_time,30,False,-0.9089372618408873,-0.6931812410714326,0.0,-0.7379145299144747,-1.057984774539812
PRV0055,Alan Hernandez DVM,Internal Medicine,543,74739.93,137.64259668508285,27.845303867403317,543,6,301,1.803986710963455,1.0,0.0,1.1532567049808429,full_time,Internal Medicine | full_time,22,False,17.826933059542178,1.0123477024483158,0.0,-0.6745,17.32536480619924
PRV0056,Marie Gilbert,Internal Medicine,640,64031.42,100.04909375,19.3125,640,6,362,1.7679558011049723,1.0,0.0,1.3869731800766283,full_time,Internal Medicine | full_time,22,False,-1.1384475383966282,0.1320711555315086,0.0,-0.6745,-0.8516791353968364
PRV0057,Nancy Smith,Emergency Medicine,935,121927.04,130.4032513368984,28.32085561497326,932,4,399,2.343358395989975,1.0032188841201717,0.0,1.528735632183908,full_time,Emergency Medicine | full_time,29,False,0.0,0.0826798422436446,0.0,0.8865477467811306,0.0
PRV0058,Carla Walton,Radiology,871,279440.45,320.8271526980482,39.06429391504018,868,6,399,2.182957393483709,1.0034562211981566,0.0,1.528735632183908,full_time,Radiology | full_time,30,False,-0.6282257175469426,0.6558187589285673,0.0,1.0571257926661957,-0.6255671479685767
PRV0059,Michelle Lloyd,Family Medicine,686,68094.82,99.26358600583092,19.373177842565596,682,7,345,1.9884057971014493,1.0058651026392962,0.0,1.3218390804597702,full_time,Family Medicine | full_time,38,False,-1.2038009433801404,1.1508364526900121,0.0,1.7034609529451514,-1.1518242853668361
PRV0060,Robert Nunez,Endocrinology,511,49162.18,96.20778864970646,17.798434442270057,510,4,365,1.4,1.0019607843137255,0.0,1.3984674329501916,full_time,Endocrinology | full_time,19,False,-0.33626453220917635,-0.6745,0.0,0.5754752054268636,-0.2209143207381513
PRV0061,Allison Simmons,Radiology,943,301785.46,320.02699893955463,39.019088016967125,820,6,387,2.4366925064599485,1.15,0.0,1.4827586206896552,full_time,Radiology | full_time,30,False,-0.9091987155962937,4.557909567344969,0.0,77.16683547008878,-0.7614675430279048
PRV0062,Ashley Jackson,Emergency Medicine,781,100320.3,128.45108834827144,27.93213828425096,781,4,344,2.270348837209302,1.0,0.0,1.318007662835249,full_time,Emergency Medicine | full_time,29,False,-0.5206256713054478,-1.2969641871165645,0.0,-0.6745,-0.5745766511687155
PRV0063,Susan Mccoy,Family Medicine,585,58843.89,100.58784615384616,19.615384615384617,584,7,294,1.989795918367347,1.0017123287671232,0.0,1.1264367816091954,full_time,Family Medicine | full_time,38,False,-0.5059571567838584,1.2008842168944571,0.0,0.019750586433454037,-0.5647651365573266
PRV0064,Brooke Gonzalez,OB/GYN,408,114376.21,280.3338480392157,30.698529411764707,408,5,328,1.2439024390243902,1.0,0.0,1.2567049808429118,full_time,OB/GYN | full_time,13,False,0.6745,0.08075383251248094,0.0,-0.7579573443733238,0.5907750444052284
PRV0065,Joshua Barr,Family Medicine,761,76748.64,100.85235216819973,19.73718791064389,759,7,392,1.941326530612245,1.002635046113307,0.0,1.5019157088122606,full_time,Family Medicine | full_time,38,False,-0.3665707387068399,-0.5441322424678442,0.0,0.3938592687144531,-0.26953912778451705
PRV0066,Danielle Rocha,Dermatology,540,41660.23,77.14857407407408,12.648148148148149,538,7,317,1.7034700315457414,1.003717472118959,0.0,1.21455938697318,full_time,Dermatology | full_time,28,False,-0.20182336198150003,-1.1286874222801182,0.0,1.0618905519841961,-0.13208560519593512
PRV0067,Darren French,Psychiatry,484,59398.51,122.72419421487604,45.47520661157025,484,6,407,1.1891891891891893,1.0,0.0,1.5593869731800767,full_time,Psychiatry | full_time,13,False,-0.9405223819813863,0.6745,0.0,-0.3472261949015005,-1.0507715550028522
PRV0068,Juan Kennedy,Radiology,853,277347.89,325.1440679953107,39.24970691676436,851,6,402,2.1218905472636815,1.0023501762632196,0.0,1.5402298850574712,full_time,Radiology | full_time,30,False,0.8876537250247913,-0.283303842350752,0.0,0.4826847650326505,-0.06816863897910988
PRV0069,Benjamin Charles,Radiology,1012,332532.41,328.589337944664,39.73320158102767,1011,6,443,2.284424379232506,1.0009891196834817,0.0,1.6973180076628354,full_time,Radiology | full_time,30,False,2.097455986757072,2.2162389459650145,0.0,-0.22420038550298063,1.3853389492624149
PRV0070,Heather Carpenter,Cardiology,407,80431.39,197.62012285012284,26.904176904176904,407,8,290,1.403448275862069,1.0,0.0,1.1111111111111112,full_time,Cardiology | full_time,20,False,1.9919900772947285,-0.2978677143118887,0.0,-0.6745,1.924170672590039
PRV0071,Timothy Shelton,OB/GYN,430,118701.0,276.04883720930235,30.61627906976744,429,5,338,1.272189349112426,1.0023310023310024,0.0,1.2950191570881227,full_time,OB/GYN | full_time,13,False,0.33219528739237086,1.1323694218229456,0.0,1.2962975279759803,0.49321315927843634
PRV0072,Amy Pierce,Internal Medicine,528,53447.58,101.22647727272728,19.611742424242426,528,6,305,1.7311475409836066,1.0,0.0,1.1685823754789273,full_time,Internal Medicine | full_time,22,False,-0.5444745144721514,-0.7671969519049499,0.0,-0.6745,-0.21421661086565977
PRV0073,Matthew Sanders,Ophthalmology,519,115680.19,222.8905394990366,24.36416184971098,518,4,321,1.6168224299065421,1.001930501930502,0.0,1.2298850574712643,full_time,Ophthalmology | full_time,24,False,-0.8263117802638448,1.2447896229510218,0.0,0.7208380011756985,-1.0953844853300083
PRV0074,Justin Mitchell,Internal Medicine,551,55039.82,99.89078039927405,19.26497277676951,550,6,306,1.8006535947712419,1.0018181818181817,0.0,1.1724137931034482,full_time,Internal Medicine | full_time,22,False,-1.2183143429196674,0.9309158423127281,0.0,0.9859963636359071,-0.9529242171433999
PRV0075,Adriana York,Pulmonology,466,82449.12,176.92944206008582,25.63304721030043,465,5,378,1.2328042328042328,1.0021505376344086,0.0,1.4482758620689655,full_time,Pulmonology | full_time,19,False,0.0,-1.009073412698405,0.0,0.2711505005562594,0.2548769641300272
PRV0076,Jacob Saunders,Ophthalmology,538,138211.95,256.89953531598513,25.54832713754647,538,4,338,1.5917159763313609,1.0,0.0,1.2950191570881227,full_time,Ophthalmology | full_time,24,False,1.142093363994608,0.48651293353020436,0.0,-0.6898236977967241,0.8063250741019594
PRV0077,Peter Brown,General Surgery,335,163273.12,487.38244776119404,55.07462686567164,335,6,335,1.0,1.0,0.0,1.2835249042145593,full_time,General Surgery | full_time,9,False,0.6665790911903792,-0.7821381981850091,0.0,-0.6138497324331675,0.7283317770870634
PRV0078,Amy Gill,Ophthalmology,521,121869.4,233.91439539347408,24.836852207293667,519,4,333,1.5645645645645645,1.0038535645472062,0.0,1.2758620689655173,full_time,Ophthalmology | full_time,24,False,-0.18826251915156583,-0.33352652628343166,0.0,2.126063624236729,-0.33626767883298125
PRV0079,Lisa Sanders,Dermatology,684,51765.27,75.6802192982456,12.346491228070175,681,7,399,1.7142857142857142,1.0044052863436124,0.0,1.528735632183908,full_time,Dermatology | full_time,28,False,-0.8160512949349215,-0.8987349620508437,0.0,1.3831610505892724,-1.100066496727517
PRV0080,Jonathan Leonard,Neurology,439,112564.51,256.41118451025056,40.28473804100228,437,5,367,1.1961852861035422,1.0045766590389016,0.0,1.4061302681992338,full_time,Neurology | full_time,12,False,0.10902764815458975,0.705396478875832,0.0,0.18469066886424856,-1.2633773082526258
PRV0081,Benjamin Lopez,Orthopedic Surgery,346,92339.03,266.8758092485549,34.11849710982659,346,6,341,1.0146627565982405,1.0,0.0,1.3065134099616857,full_time,Orthopedic Surgery | full_time,13,False,0.8282066530596816,-0.9487773179488674,0.0,-0.28913616151079224,0.7299630295851632
PRV0082,Margaret Mueller,Ophthalmology,568,128007.12,225.36464788732394,24.66549295774648,567,4,367,1.547683923705722,1.001763668430335,0.0,1.4061302681992338,full_time,Ophthalmology | full_time,24,False,-0.6831129717729816,-0.843363426481807,0.0,0.5989289654619202,-0.6114619665802902
PRV0083,Daniel Morrison,Internal Medicine,605,60997.67,100.82259504132232,19.537190082644628,605,6,350,1.7285714285714286,1.0,0.0,1.3409961685823755,full_time,Internal Medicine | full_time,22,False,-0.7482272812352537,-0.8301343394860082,0.0,-0.6745,-0.3730320729611743
PRV0084,Danny Lopez,Neurology,9797,2501955.96,255.37980606308054,40.974277840155146,9546,5,405,24.190123456790122,1.026293735596061,0.0,1.5517241379310345,full_time,Neurology | full_time,12,False,-0.10902764815458975,1015.0490621674155,0.0,3.105024756460843,-0.03275912034592559
PRV0085,Tyler Mills,General Surgery,364,171796.95,471.9696428571429,53.33791208791209,363,6,362,1.0055248618784531,1.002754820936639,0.0,1.3869731800766283,full_time,General Surgery | full_time,9,False,0.0,1.5177797464074103,0.0,0.6862330745605897,0.0
PRV0086,Ashley Glass,Cardiology,566,105405.99,186.22966431095406,26.395759717314487,566,8,401,1.4114713216957606,1.0,0.0,1.5363984674329503,full_time,Cardiology | full_time,20,False,1.2815005844733574,-0.034861388169965105,0.0,-0.6745,1.2912151140983001
PRV0087,Anthony Mckinney,Dermatology,692,52663.32,76.10306358381503,12.492774566473988,691,7,392,1.7653061224489797,1.0014471780028944,0.0,1.5019157088122606,full_time,Dermatology | full_time,28,False,-0.6391711732082536,0.18601101849500976,0.0,0.0014610108303553127,-0.6306608013841507
PRV0088,Ronald Nguyen DDS,Gastroenterology,389,132112.4,339.6205655526992,29.03598971722365,389,5,340,1.1441176470588235,1.0,0.0,1.3026819923371646,full_time,Gastroenterology | full_time,11,False,0.3664378403157182,0.5632646581842473,0.0,-0.812325312720641,-0.14089310695933696
PRV0089,Erin Hale,Family Medicine,572,57973.33,101.35197552447553,19.825174825174827,571,7,289,1.9792387543252594,1.001751313485114,0.0,1.10727969348659,full_time,Family Medicine | full_time,38,False,-0.10328481611979383,0.8208005007412342,0.0,0.035556641816409044,-0.056277035442024975
PRV0090,Joshua Terry,Endocrinology,495,48132.45,97.23727272727272,17.939393939393938,495,4,350,1.4142857142857144,1.0,0.0,1.3409961685823755,full_time,Endocrinology | full_time,19,False,0.055607606591291464,0.07226785714286418,0.0,-0.6816805699799809,0.040237001243388686
PRV0091,Michael Sanders,Gastroenterology,373,122441.59,328.26163538873993,28.820375335120644,373,5,339,1.1002949852507375,1.0,0.0,1.2988505747126438,full_time,Gastroenterology | full_time,11,False,-0.6745,-1.0135519386520118,0.0,-0.812325312720641,-0.6745
PRV0092,James Baird,Radiology,836,270529.83,323.60027511961727,39.77870813397129,835,6,401,2.084788029925187,1.0011976047904192,0.0,1.5363984674329503,full_time,Radiology | full_time,30,False,0.3455527749930874,-0.8538886154925274,0.0,-0.115920517938384,1.5221431891169543
PRV0093,Lucas Hamilton,Ophthalmology,507,126295.95,249.10443786982248,25.54240631163708,507,4,313,1.6198083067092652,1.0,0.0,1.1992337164750957,full_time,Ophthalmology | full_time,24,False,0.6909212683640807,1.3349704511674556,0.0,-0.6898236977967241,0.7968165271556138
PRV0094,Willie Harper,Family Medicine,764,76738.29,100.44278795811518,19.56806282722513,764,7,394,1.9390862944162437,1.0,0.0,1.5095785440613028,full_time,Family Medicine | full_time,38,False,-0.5823983007218154,-0.6247862225559219,0.0,-0.6745,-0.6794633687897091
PRV0095,Kristina Huber,Cardiology,515,76649.73,148.83442718446602,23.66990291262136,515,8,371,1.3881401617250675,1.0,0.0,1.421455938697318,full_time,Cardiology | full_time,20,False,-1.0510589844474105,-0.7996884620417413,0.0,-0.6745,-2.102348795160224
PRV0096,William Nunez,Ophthalmology,485,109446.2,225.6622680412371,24.896907216494846,485,4,313,1.549520766773163,1.0,0.0,1.1992337164750957,full_time,Ophthalmology | full_time,24,False,-0.6658870282270184,-0.7878862450474067,0.0,-0.6898236977967241,-0.23982237152422423
PRV0097,Nichole Johnson,Internal Medicine,630,64185.04,101.88101587301587,19.626984126984127,629,6,368,1.7119565217391304,1.0015898251192368,0.0,1.4099616858237547,full_time,Internal Medicine | full_time,22,False,-0.21426922096834536,-1.236055612946069,0.0,0.7774443561204086,-0.18174790482414221
PRV0098,Darren Oliver,Pulmonology,435,69346.0,159.416091954023,24.79310344827586,434,5,348,1.25,1.0023041474654377,0.0,1.3333333333333333,full_time,Pulmonology | full_time,19,False,-2.1892316210526492,0.0,0.0,0.5214432703002484,-0.9575619787824465
PRV0099,Dakota Morrow,Endocrinology,446,45112.43,101.1489461883408,18.878923766816143,445,4,308,1.448051948051948,1.002247191011236,0.0,1.1800766283524904,full_time,Endocrinology | full_time,19,False,1.5445824036581326,1.837355519480517,0.0,0.759104700711075,1.7808749964028514
PRV0100,Gerald Brooks,Dermatology,720,55503.84,77.08866666666667,12.645833333333334,719,7,398,1.8090452261306533,1.0013908205841446,0.0,1.524904214559387,full_time,Dermatology | full_time,28,False,-0.22688324779805236,1.115949029957934,0.0,-0.02486292283204701,-0.13951356841851204
PRV0101,Roger Humphrey,Internal Medicine,499,51911.34,104.03074148296592,20.080160320641284,498,6,287,1.7386759581881532,1.002008032128514,0.0,1.0996168582375478,full_time,Internal Medicine | full_time,22,False,0.8702363768271545,-0.5832690653598589,0.0,1.1593815261040366,0.7836327266069402
PRV0102,Joshua Miller,Pulmonology,359,58495.0,162.93871866295265,24.88857938718663,359,5,287,1.2508710801393728,1.0,0.0,1.0996168582375478,full_time,Pulmonology | full_time,19,False,-1.7488906392502162,0.05111628919860216,0.0,-3.2329482758621184,-0.819744720437043
PRV0103,Kari Hernandez,General Surgery,318,143211.12,450.34943396226413,51.729559748427675,317,6,318,1.0,1.003154574132492,0.0,1.2183908045977012,full_time,General Surgery | full_time,9,False,-0.9350393576127384,-0.7821381981850091,0.0,0.8748886238404766,-0.6745
PRV0104,Daniel Yoder,OB/GYN,394,116228.76,294.99685279187815,31.434010152284262,394,5,320,1.23125,1.0,0.0,1.2260536398467432,full_time,OB/GYN | full_time,13,False,1.8458425769628506,-0.38962282154548783,0.0,-0.7579573443733238,1.4631712652248556
PRV0105,Carla Williams,General Surgery,347,158361.67,456.37368876080694,52.622478386167145,345,6,347,1.0,1.0057971014492753,0.0,1.3295019157088122,full_time,General Surgery | full_time,9,False,-0.6745,-0.7821381981850091,0.0,2.1219766961972057,-0.3000337799002781
PRV0106,David Bell,Radiology,836,270360.1,323.3972488038277,39.3122009569378,836,6,379,2.2058047493403694,1.0,0.0,1.4521072796934866,full_time,Radiology | full_time,30,False,0.27426033647764786,1.0071791057058026,0.0,-0.7379145299144747,0.11970429597948062
PRV0107,Matthew Cross,Radiology,780,249339.42,319.6659230769231,38.88461538461539,779,6,375,2.08,1.0012836970474968,0.0,1.4367816091954022,full_time,Radiology | full_time,30,False,-1.035990056097947,-0.9275218125000051,0.0,-0.07120721284129332,-1.1657263818133887
PRV0108,Joseph Leblanc,Dermatology,708,56512.62,79.82008474576271,12.909604519774012,708,7,392,1.8061224489795917,1.0,0.0,1.5019157088122606,full_time,Dermatology | full_time,28,False,0.9156970797717418,1.0538078029316857,0.0,-0.6745,0.7068965459100195
PRV0109,Jennifer Gonzalez,Radiology,731,236373.13,323.35585499316005,39.493844049247606,730,6,327,2.235474006116208,1.0013698630136987,0.0,1.2528735632183907,full_time,Radiology | full_time,30,False,0.25972495129633105,1.463450737958714,0.0,-0.026455625804829595,0.6657695011172414
PRV0110,Ronnie Reeves,General Surgery,392,194558.39,496.3224234693878,55.369897959183675,392,6,391,1.0025575447570332,1.0,0.0,1.4980842911877394,full_time,General Surgery | full_time,9,False,1.0532187015617216,0.2825296994395682,0.0,-0.6138497324331675,0.8521605847957725
PRV0111,Kerri Stanley,Radiology,772,248953.62,322.4787823834197,39.4559585492228,770,6,367,2.103542234332425,1.0025974025974025,0.0,1.4061302681992338,full_time,Radiology | full_time,30,False,-0.04825800579140046,-0.5654752075953737,0.0,0.6110854700855253,0.5518760792440447
PRV0112,Thomas Garcia,General Surgery,372,180445.61,485.06884408602144,55.134408602150536,372,6,372,1.0,1.0,0.0,1.4252873563218391,full_time,General Surgery | full_time,9,False,0.5665194430749401,-0.7821381981850091,0.0,-0.6138497324331675,0.7534026401467969
PRV0113,Donna Hutchinson,Cardiology,475,73369.43000000001,154.46195789473686,24.8,474,8,352,1.3494318181818181,1.0021097046413503,0.0,1.3486590038314177,full_time,Cardiology | full_time,20,False,-0.7000369929772768,-2.0686004734374333,0.0,0.06118881856545639,-0.6954309104483466
PRV0114,Dawn Flores,Cardiology,502,83039.52,165.4173705179283,25.268924302788843,500,8,357,1.4061624649859943,1.004,0.0,1.367816091954023,full_time,Cardiology | full_time,20,False,-0.01668385740911377,-0.2088929128792143,0.0,0.7203660000000501,-0.11164214084803706
PRV0115,Maria Weaver,OB/GYN,426,114531.13,268.8524178403756,30.011737089201876,425,5,330,1.290909090909091,1.0023529411764707,0.0,1.264367816091954,full_time,OB/GYN | full_time,13,False,-0.24268500151795114,1.8283087181254365,0.0,1.3156316914804866,-0.2238690294402598
PRV0116,Kimberly Johnson,Ophthalmology,628,157310.3,250.49410828025475,25.222929936305732,626,4,397,1.5818639798488665,1.0031948881789137,0.0,1.5210727969348659,full_time,Ophthalmology | full_time,24,False,0.7713539397502622,0.18895839224221125,0.0,1.6447538104066575,0.2837536268819271
PRV0117,Ross Donovan,Emergency Medicine,860,116709.59,135.70882558139533,29.261627906976745,857,4,372,2.3118279569892475,1.0035005834305717,0.0,1.4252873563218391,full_time,Emergency Medicine | full_time,29,False,1.414952628850376,-0.5131432614288495,0.0,1.0231621936989264,1.390588353874666
PRV0118,Stephen Schneider,Dermatology,721,56884.13,78.89615811373092,12.725381414701802,718,7,405,1.780246913580247,1.0041782729805013,0.0,1.5517241379310345,full_time,Dermatology | full_time,28,False,0.5292090492660964,0.5036674957610293,0.0,1.2771255925505047,0.11574668784470618
PRV0119,Caroline Bennett,Ophthalmology,587,141230.16,240.59652470187393,25.38330494037479,586,4,377,1.557029177718833,1.0017064846416381,0.0,1.4444444444444444,full_time,Ophthalmology | full_time,24,False,0.1984921435279927,-0.5611137549525933,0.0,0.5571434695541935,0.5413077719536379
PRV0120,Alisha Jones,Pulmonology,433,81438.32,188.07926096997693,26.189376443418013,433,5,353,1.226628895184136,1.0,0.0,1.3524904214559388,full_time,Pulmonology | full_time,19,False,1.393767381952481,-1.371451487252113,0.0,-3.2329482758621184,1.0579250464046845
PRV0121,Michael Reyes,Ophthalmology,528,126230.79,239.07346590909088,25.170454545454547,528,4,324,1.6296296296296295,1.0,0.0,1.2413793103448276,full_time,Ophthalmology | full_time,24,False,0.11033909193956107,1.631598575386026,0.0,-0.6898236977967241,0.19948080328055487
PRV0122,Robert Burns,Family Medicine,793,80861.7,101.96935687263556,19.89281210592686,687,7,353,2.2464589235127477,1.1542940320232897,0.0,1.3524904214559388,full_time,Family Medicine | full_time,38,False,0.22205589463075695,10.441379903596607,0.0,61.88283377376678,0.10766175125634983
PRV0123,Jennifer Chavez,Ophthalmology,481,106893.58,222.23197505197504,24.428274428274428,479,4,304,1.582236842105263,1.0041753653444676,0.0,1.1647509578544062,full_time,Ophthalmology | full_time,24,False,-0.864428802371733,0.20021975006575665,0.0,2.361210791003562,-0.9924229268496043
PRV0124,Bethany Gray,Pulmonology,403,76861.3,190.72282878411912,26.21588089330025,403,5,330,1.2212121212121212,1.0,0.0,1.264367816091954,full_time,Pulmonology | full_time,19,False,1.7242228468445815,-1.6893159090908958,0.0,-3.2329482758621184,1.0961835925723915
PRV0125,Billy Rivera,Psychiatry,363,54265.84,149.49267217630853,53.099173553719005,363,6,301,1.2059800664451827,1.0,0.0,1.1532567049808429,full_time,Psychiatry | full_time,13,False,9.31882417726225,1.5331916562278631,0.0,-0.3472261949015005,8.7520135498812
PRV0126,Keith Joseph,Emergency Medicine,803,99693.56,124.15138231631381,27.123287671232877,803,4,348,2.307471264367816,1.0,0.0,1.3333333333333333,full_time,Emergency Medicine | full_time,29,False,-1.667321593902818,-0.5954706314787367,0.0,-0.6745,-1.7701669678137626
PRV0127,Brian Lopez,Radiology,822,267131.3,324.97725060827247,39.56812652068127,817,6,384,2.140625,1.0061199510403918,0.0,1.471264367816092,full_time,Radiology | full_time,30,False,0.8290760068483074,0.004805812499995638,0.0,2.440573842178725,0.8890814503125307
PRV0128,Jason Hunt,Dermatology,687,53805.64,78.31970887918486,12.860262008733624,686,7,392,1.7525510204081634,1.001457725947522,0.0,1.5019157088122606,full_time,Dermatology | full_time,28,False,0.2880743946060634,-0.0851754766414524,0.0,0.006387840355360019,0.5485623435488214
PRV0129,Kathy Hale,Internal Medicine,505,49284.92,97.593900990099,18.722772277227723,503,6,290,1.7413793103448276,1.0039761431411531,0.0,1.1111111111111112,full_time,Internal Medicine | full_time,22,False,-2.3770569122885252,-0.5172230645532159,0.0,2.9568041749495446,-2.107949277894699
PRV0130,Maureen Arnold,Ophthalmology,482,109899.14,228.0065145228216,24.481327800829874,482,4,306,1.5751633986928104,1.0,0.0,1.1724137931034482,full_time,Ophthalmology | full_time,24,False,-0.5302044912124715,-0.013415649993383422,0.0,-0.6898236977967241,-0.9072218938644063
PRV0131,Elizabeth Cruz,Pulmonology,489,79517.64,162.61276073619632,24.87730061349693,488,5,394,1.2411167512690355,1.0020491803278688,0.0,1.5095785440613028,full_time,Pulmonology | full_time,19,False,-1.7896365500020768,-0.5212823604060869,0.0,0.10599830412659719,-0.8360253633419055
PRV0132,Jose Saunders,Internal Medicine,554,58067.33,104.8146750902527,20.28880866425993,554,6,304,1.8223684210526316,1.0,0.0,1.1647509578544062,full_time,Internal Medicine | full_time,22,False,1.2657195870877835,1.4614340104899284,0.0,-0.6745,1.228106802096443
PRV0133,Timothy Young,Pulmonology,471,83638.33,177.5760721868365,25.45647558386412,470,5,381,1.236220472440945,1.0021276595744681,0.0,1.4597701149425288,full_time,Pulmonology | full_time,19,False,0.08083108668728295,-0.8086033464566846,0.0,0.23387285399864402,0.0
PRV0134,Michael Erickson,Emergency Medicine,828,106460.67,128.5756884057971,27.86231884057971,826,4,354,2.3389830508474576,1.0024213075060533,0.0,1.3563218390804597,full_time,Emergency Medicine | full_time,29,False,-0.48739586981247685,0.0,0.0,0.49975060532689636,-0.6777792072691758
PRV0135,Theresa Brown,Internal Medicine,642,67139.05,104.57795950155764,20.2803738317757,642,6,364,1.7637362637362637,1.0,0.0,1.3946360153256705,full_time,Internal Medicine | full_time,22,False,1.146299983098781,0.02898300707503061,0.0,-0.6745,1.2101384621359408
PRV0136,Amber Blevins,Family Medicine,724,74223.32,102.51839779005526,19.9792817679558,723,7,368,1.9673913043478262,1.0013831258644537,0.0,1.4099616858237547,full_time,Family Medicine | full_time,38,False,0.5113833303183044,0.39426333636543054,0.0,-0.1137222095751767,0.31724633717742795
PRV0137,Laura Marks,Dermatology,584,44230.88,75.73780821917808,12.388698630136986,583,7,338,1.727810650887574,1.0017152658662092,0.0,1.2950191570881227,full_time,Dermatology | full_time,28,False,-0.7919612559009872,-0.6111809979771501,0.0,0.1266819184969796,-0.9646280036496747
PRV0138,Lisa Cooper,OB/GYN,405,115627.97,285.5011604938272,30.97530864197531,405,5,321,1.2616822429906542,1.0,0.0,1.2298850574712643,full_time,OB/GYN | full_time,13,False,1.0872866824470484,0.7417492882768593,0.0,-0.7579573443733238,0.9190788885909023
PRV0139,Michael Pace,Emergency Medicine,684,89032.22,130.1640643274854,28.362573099415204,682,4,294,2.326530612244898,1.002932551319648,0.0,1.1264367816091954,full_time,Emergency Medicine | full_time,29,False,-0.06378919079434646,-0.2353107299361469,0.0,0.7476862170088056,0.0616640695214038
PRV0140,Traci Foster,Family Medicine,701,71593.71,102.13082738944367,19.871611982881596,697,7,367,1.9100817438692097,1.005738880918221,0.0,1.4061302681992338,full_time,Family Medicine | full_time,38,False,0.30714581978021654,-1.669020953902458,0.0,1.652285322680955,0.056277035442024975
PRV0141,Michelle Johnson,Radiology,695,224313.78,322.75364028776977,39.36690647482014,693,6,317,2.192429022082019,1.002886002886003,0.0,1.21455938697318,full_time,Radiology | full_time,30,False,0.048258005791420415,0.8014791464905356,0.0,0.7609743589745038,0.2841629575488246
PRV0142,Sharon Lozano,Radiology,694,223732.09,322.3805331412104,39.178674351585016,693,6,330,2.103030303030303,1.0014430014430014,0.0,1.264367816091954,full_time,Radiology | full_time,30,False,-0.082758105111807,-0.5733479943181873,0.0,0.011529914529956912,-0.2817105457088379
PRV0143,James West,Cardiology,445,73337.13,164.8025393258427,24.674157303370787,444,8,315,1.4126984126984128,1.0022522522522523,0.0,1.206896551724138,full_time,Cardiology | full_time,20,False,-0.055034473438618864,0.0053643195150249534,0.0,0.11089752252258077,-0.8520991671188379
PRV0144,Cynthia Mccarthy,Pulmonology,422,73544.48,174.27601895734597,25.46208530805687,422,5,335,1.2597014925373133,1.0,0.0,1.2835249042145593,full_time,Pulmonology | full_time,19,False,-0.3316874113387791,0.5692981343283479,0.0,-3.2329482758621184,0.008097504116104756
PRV0145,Jennifer Potter,Orthopedic Surgery,464,115100.23,248.06084051724136,32.769396551724135,464,10,408,1.1372549019607843,1.0,0.0,1.5632183908045978,full_time,Orthopedic Surgery | full_time,13,False,0.0,8.458380795308887,0.0,-0.28913616151079224,0.14390837045774527
PRV0146,Dawn Thompson,Orthopedic Surgery,420,106647.79,253.9233095238095,32.76190476190476,420,6,405,1.037037037037037,1.0,0.0,1.5517241379310345,full_time,Orthopedic Surgery | full_time,13,False,0.25805707699716984,0.7681221876081784,0.0,-0.28913616151079224,0.1406539071025272
PRV0147,Mark Edwards,Radiology,807,259607.37,321.69438661710035,39.07682775712515,806,6,366,2.2049180327868854,1.001240694789082,0.0,1.4022988505747127,full_time,Radiology | full_time,30,False,-0.323697604469142,0.9935426465163928,0.0,-0.09354108078289883,-0.5878872397361179
PRV0148,Dustin Walker,Neurology,366,96329.45,263.19521857923496,41.05191256830601,366,5,314,1.1656050955414012,1.0,0.0,1.2030651340996168,full_time,Neurology | full_time,12,False,1.5433164517872031,-0.643603521124168,0.0,-0.4307408494358147,0.10579518586383471
PRV0149,Brian Williams,Endocrinology,583,57814.98,99.1680617495712,18.250428816466552,581,4,403,1.446650124069479,1.0034423407917383,0.0,1.5440613026819923,full_time,Endocrinology | full_time,19,False,0.7905606187148448,1.7640769230769213,0.0,1.5253743197187566,0.6164817452104712
PRV0150,David Montgomery,OB/GYN,498,129966.36,260.9766265060241,29.30722891566265,498,5,407,1.2235872235872236,1.0,0.0,1.5593869731800767,full_time,OB/GYN | full_time,13,False,-0.8718363843902706,-0.6745,0.0,-0.7579573443733238,-1.0595268981942212
PRV0151,Diane Gonzales,Endocrinology,554,54310.340000000004,98.0331046931408,18.113718411552348,552,4,397,1.3954659949622166,1.0036231884057971,0.0,1.5210727969348659,full_time,Endocrinology | full_time,19,False,0.3585402904340187,-0.9115094458438262,0.0,1.6413246671848591,0.3632025855906
PRV0152,Allison Santiago,Radiology,870,277178.98,318.59652873563215,38.804597701149426,867,6,406,2.142857142857143,1.0034602076124568,0.0,1.5555555555555556,full_time,Radiology | full_time,30,False,-1.411506550246782,0.039133044642851875,0.0,1.0591961967292276,-1.4062798329843453
PRV0153,Joel Harper,Ophthalmology,452,103339.25,228.62665929203538,24.358407079646017,452,4,297,1.5218855218855218,1.0,0.0,1.1379310344827587,full_time,Ophthalmology | full_time,24,False,-0.4943111599163717,-1.6225386559099708,0.0,-0.6898236977967241,-1.1046263549889979
PRV0154,Sara Sims,Radiology,749,244721.17,326.7305340453939,39.86648865153538,749,6,350,2.14,1.0,0.0,1.3409961685823755,full_time,Radiology | full_time,30,False,1.4447393072191177,-0.004805812500002468,0.0,-0.7379145299144747,1.7860336884538401
PRV0155,Tammy Fields,Family Medicine,703,71360.64,101.50873399715505,19.758179231863444,703,7,360,1.9527777777777777,1.0,0.0,1.3793103448275863,full_time,Family Medicine | full_time,38,False,-0.02067799122992915,-0.13185934797523358,0.0,-0.6745,-0.21866050443261503
PRV0156,Karen Oconnor,Endocrinology,436,44183.25,101.33772935779817,18.6697247706422,436,4,309,1.4110032362459546,1.0,0.0,1.1839080459770115,full_time,Endocrinology | full_time,19,False,1.6164425382603866,-0.09931957928802838,0.0,-0.6816805699799809,1.3932984547525713
PRV0157,Kenneth Mcclure,Orthopedic Surgery,335,80360.0,239.88059701492537,31.492537313432837,335,6,329,1.0182370820668694,1.0,0.0,1.260536398467433,full_time,Orthopedic Surgery | full_time,13,False,-0.3600820277203485,-0.6745,0.0,-0.28913616151079224,-0.41076437143409467
PRV0158,Elizabeth Foster,Pulmonology,620,112286.86,181.10783870967742,25.75,619,5,390,1.5897435897435896,1.001615508885299,0.0,1.4942528735632183,full_time,Pulmonology | full_time,19,False,0.5223145780326565,19.936663461538288,0.0,-0.6006285165170816,0.4236955483316981
PRV0159,Zachary Rose,Family Medicine,643,64574.21,100.42645412130638,19.618973561430792,642,7,331,1.9425981873111782,1.0015576323987538,0.0,1.2681992337164751,full_time,Family Medicine | full_time,38,False,-0.5910057231722915,-0.4983494923017196,0.0,-0.0429698715309435,-0.5560662732412077
PRV0160,Charles Maldonado,Ophthalmology,455,107943.74,237.23898901098903,25.505494505494507,454,4,289,1.57439446366782,1.002202643171806,0.0,1.10727969348659,full_time,Ophthalmology | full_time,24,False,0.004161485794323867,-0.036639380234035034,0.0,0.9196978001496265,0.7375380334197098
PRV0161,Lisa Cooper DVM,Emergency Medicine,848,107658.37,126.955625,27.653301886792452,843,4,364,2.32967032967033,1.0059311981020167,0.0,1.3946360153256705,full_time,Emergency Medicine | full_time,29,False,-0.9194533379205813,-0.17598024674711416,0.0,2.201926453143598,-0.9867344604898408
PRV0162,Taylor Perez,Orthopedic Surgery,420,118038.52,281.0440952380952,34.857142857142854,420,10,375,1.12,1.0,0.0,1.4367816091954022,full_time,Orthopedic Surgery | full_time,13,False,1.4518733137148416,7.134318878504776,0.0,-0.28913616151079224,1.0508336860084435
PRV0163,Mark Lozano,Emergency Medicine,818,103981.95,127.11729828850855,27.85452322738386,818,4,365,2.241095890410959,1.0,0.0,1.3984674329501916,full_time,Emergency Medicine | full_time,29,False,-0.8763364133337024,-1.8497500697537579,0.0,-0.6745,-0.6893021751686382
PRV0164,Ashley Collins,Dermatology,520,41250.53,79.32794230769231,12.788461538461538,519,7,302,1.7218543046357615,1.001926782273603,0.0,1.157088122605364,full_time,Dermatology | full_time,28,False,0.7098288267917464,-0.7378190020228499,0.0,0.22547891808047293,0.3181632424494822
PRV0165,Kristin Rodriguez,General Surgery,363,163490.4,450.3867768595041,52.162534435261705,363,6,363,1.0,1.0,0.0,1.3908045977011494,full_time,General Surgery | full_time,9,False,-0.9334243372021388,-0.7821381981850091,0.0,-0.6138497324331675,-0.4929219843500384
PRV0166,Stephanie Lee,Pulmonology,436,77321.08,177.3419266055046,25.309633027522935,435,5,347,1.2564841498559078,1.0022988505747126,0.0,1.3295019157088122,full_time,Pulmonology | full_time,19,False,0.05156204864046565,0.38049963976945267,0.0,0.5128124851366501,-0.21196375499680561
PRV0167,Lauren Jenkins,Internal Medicine,539,55571.47,103.10105751391465,19.879406307977735,539,6,302,1.7847682119205297,1.0,0.0,1.157088122605364,full_time,Internal Medicine | full_time,22,False,0.4012242089718046,0.5428176783418777,0.0,-0.6745,0.35597558525657386
PRV0168,Dr. Shelby Herring MD,Pulmonology,505,92074.27,182.3252871287129,25.95049504950495,504,5,398,1.2688442211055277,1.001984126984127,0.0,1.524904214559387,full_time,Pulmonology | full_time,19,False,0.6745,1.1058071608040172,0.0,0.0,0.713105407504933
PRV0169,Michael Carroll,Neurology,455,114503.95,251.65703296703296,41.010989010989015,455,5,392,1.1607142857142858,1.0,0.0,1.5019157088122606,full_time,Neurology | full_time,12,False,-0.8961009021845642,-0.8593543825640839,0.0,-0.4307408494358147,0.03275912034592559
PRV0170,Justin Pittman,Psychiatry,430,53826.62,125.17818604651164,45.883720930232556,430,6,371,1.1590296495956873,1.0,0.0,1.421455938697318,full_time,Psychiatry | full_time,13,False,0.0,-0.867869979232015,0.0,-0.3472261949015005,-0.5255098233476979
PRV0171,Amber Jones,Neurology,379,94169.27,248.46773087071242,40.48812664907652,379,5,324,1.1697530864197532,1.0,0.0,1.2413793103448276,full_time,Neurology | full_time,12,False,-1.5703870631382617,-0.460621021929925,0.0,-0.4307408494358147,-0.9003906893269493
PRV0172,Sandra Anderson,Family Medicine,683,68978.6,100.99355783308933,19.663250366032212,682,7,348,1.9626436781609196,1.001466275659824,0.0,1.3333333333333333,full_time,Family Medicine | full_time,38,False,-0.2921597583393571,0.2233371864228944,0.0,-0.08000976176371215,-0.44874845170061445
PRV0173,Ms. Vanessa Nelson DDS,Dermatology,553,45108.3,81.57016274864377,13.182640144665461,553,7,319,1.7335423197492164,1.0,0.0,1.2222222222222223,full_time,Dermatology | full_time,28,False,1.6477727415343268,-0.4893198646912157,0.0,-0.6745,1.583035132533496
PRV0174,Mrs. Ashley Mitchell,Family Medicine,621,63569.44,102.36624798711756,19.92753623188406,621,7,316,1.9651898734177216,1.0,0.0,1.210727969348659,full_time,Family Medicine | full_time,38,False,0.4312051306110512,0.31500644072252193,0.0,-0.6745,0.19182585447413394
PRV0175,Amanda Harris,Radiology,713,231815.18,325.1264796633941,39.44600280504909,713,6,342,2.084795321637427,1.0,0.0,1.3103448275862069,full_time,Radiology | full_time,30,False,0.8814776041269758,-0.8537764791666698,0.0,-0.7379145299144747,0.5219465872089544
PRV0176,Diana Hill,Gastroenterology,354,121551.94,343.36706214689264,29.661016949152543,354,5,319,1.109717868338558,1.0,0.0,1.2222222222222223,full_time,Gastroenterology | full_time,11,False,0.7097685956965211,-0.6745,0.0,-0.812325312720641,1.4059371000166074
PRV0177,Beth Hernandez,Emergency Medicine,846,107741.34,127.35382978723403,27.78368794326241,843,4,356,2.3764044943820224,1.00355871886121,0.0,1.3639846743295019,full_time,Emergency Medicine | full_time,29,False,-0.81325542520604,0.7071439960019271,0.0,1.0513558718861804,-0.7940062804871733
PRV0178,Anne Taylor,Internal Medicine,620,63222.58,101.97190322580646,19.669354838709676,620,6,352,1.7613636363636365,1.0,0.0,1.3486590038314177,full_time,Internal Medicine | full_time,22,False,-0.1684178609557075,-0.028983007075036035,0.0,-0.6745,-0.09148750497899806
PRV0179,Debra Jones,Psychiatry,341,42970.9,126.01436950146628,45.71847507331378,341,6,291,1.1718213058419245,1.0,0.0,1.1149425287356323,full_time,Psychiatry | full_time,13,False,0.32047753569871695,-0.2136999605655936,0.0,-0.3472261949015005,-0.7379805275281913
PRV0180,Tracey Ortiz,Ophthalmology,447,98732.41,220.87787472035794,24.23937360178971,447,4,295,1.5152542372881357,1.0,0.0,1.1302681992337165,full_time,Ophthalmology | full_time,24,False,-0.9428027147607858,-1.82281977152257,0.0,-0.6898236977967241,-1.2957880999389353
PRV0181,Jeffrey English,Family Medicine,729,75518.28,103.5916049382716,20.198902606310014,729,7,365,1.9972602739726026,1.0,0.0,1.3984674329501916,full_time,Family Medicine | full_time,38,False,1.0769300178297891,1.4696192678820397,0.0,-0.6745,0.8495618497638309
PRV0182,Desiree Parker,Endocrinology,569,53539.38,94.0938137082601,17.390158172231985,569,4,395,1.440506329113924,1.0,0.0,1.5134099616858236,full_time,Endocrinology | full_time,19,False,-1.140947090907472,1.4429177215189817,0.0,-0.6816805699799809,-0.9773152006336837
PRV0183,Deborah Lozano,OB/GYN,491,135750.72,276.4780448065173,30.427698574338084,490,5,393,1.2493638676844783,1.0020408163265306,0.0,1.5057471264367817,full_time,OB/GYN | full_time,13,False,0.3664821979849964,0.28379203997242947,0.0,1.0405637581529004,0.2695269327476834
PRV0184,Marc Oneill,Neurology,346,89868.08,259.7343352601156,40.70809248554913,346,5,292,1.1849315068493151,1.0,0.0,1.1187739463601531,full_time,Neurology | full_time,12,False,0.8116122556089964,0.2089526067193509,0.0,-0.4307408494358147,-0.5078187748212665
PRV0185,Shannon White,Neurology,462,117538.91,254.4132251082251,41.02813852813853,462,5,392,1.1785714285714286,1.0,0.0,1.5019157088122606,full_time,Neurology | full_time,12,False,-0.31338337916305875,-0.07161286521367448,0.0,-0.4307408494358147,0.06336577676218424
PRV0186,Evelyn Riddle,Cardiology,571,95333.73,166.9592469352014,24.833625218914186,570,8,398,1.434673366834171,1.0017543859649123,0.0,1.524904214559387,full_time,Cardiology | full_time,20,False,0.07949198923784155,0.7257331263480381,0.0,-0.0627166666666433,-0.6535690895516534
PRV0187,Victoria Bryant,Radiology,628,202029.02,321.7022611464968,38.75796178343949,625,6,297,2.1144781144781146,1.0048,0.0,1.1379310344827587,full_time,Radiology | full_time,30,False,-0.32093247325621044,-0.39729668118687156,0.0,1.755037470085587,-1.5464792297642067
PRV0188,Douglas Lowe,Endocrinology,413,40098.66,97.09118644067797,17.91767554479419,413,4,291,1.4192439862542956,1.0,0.0,1.1149425287356323,full_time,Endocrinology | full_time,19,False,0.0,0.3314553264604866,0.0,-0.6816805699799809,0.0
PRV0189,Bonnie Mitchell,Family Medicine,773,78478.79,101.52495472186287,19.896507115135833,770,7,392,1.971938775510204,1.0038961038961038,0.0,1.5019157088122606,full_time,Family Medicine | full_time,38,False,-0.01213017532804059,0.5579834160767626,0.0,0.9051454901706871,0.11661768975392078
PRV0190,Margaret Carr,Emergency Medicine,935,126398.21,135.1852513368984,29.112299465240643,933,4,406,2.3029556650246303,1.0021436227224008,0.0,1.5555555555555556,full_time,Emergency Medicine | full_time,29,False,1.275319722116918,-0.6808008235365245,0.0,0.3650830653804535,1.1698607731991642
PRV0191,Mr. Joshua Thomas,Dermatology,526,41050.44,78.04266159695818,12.737642585551331,525,7,306,1.7189542483660132,1.0019047619047619,0.0,1.1724137931034482,full_time,Dermatology | full_time,28,False,0.1721826616994565,-0.7994771599093891,0.0,0.2151934447309498,0.1550913151354711
PRV0192,Edward Bentley,OB/GYN,424,115281.52,271.8903773584906,30.20047169811321,424,5,346,1.2254335260115607,1.0,0.0,1.3256704980842913,full_time,OB/GYN | full_time,13,False,0.0,-0.605860462985462,0.0,-0.7579573443733238,0.0
PRV0193,Robert Gray,Endocrinology,457,43029.32,94.1560612691466,17.37417943107221,457,4,323,1.414860681114551,1.0,0.0,1.2375478927203065,full_time,Endocrinology | full_time,19,False,-1.1172526158288745,0.10232352941176241,0.0,-0.6816805699799809,-1.0069185225993444
PRV0194,Cathy Chen,Endocrinology,433,41387.39,95.58288683602771,17.632794457274827,432,4,302,1.4337748344370862,1.0023148148148149,0.0,1.157088122605364,full_time,Endocrinology | full_time,19,False,-0.5741328155589198,1.0910372516556348,0.0,0.8024616648753691,-0.5277904230024142
PRV0195,Scott Nichols,Cardiology,433,73257.29,169.18542725173208,24.8729792147806,432,8,303,1.4290429042904291,1.0023148148148149,0.0,1.160919540229885,full_time,Cardiology | full_time,20,False,0.21835187082924773,0.5411589261246479,0.0,0.13271412037042163,-0.6045752099658162
PRV0196,Jacob Savage,Internal Medicine,539,55588.82,103.13324675324675,19.823747680890538,538,6,302,1.7847682119205297,1.0018587360594795,0.0,1.157088122605364,full_time,Internal Medicine | full_time,22,False,0.4174632164446004,0.5428176783418777,0.0,1.0230334572486515,0.23740854375245696
PRV0197,Margaret Cook,Dermatology,571,44358.2,77.68511383537653,12.65323992994746,570,7,329,1.7355623100303952,1.0017543859649123,0.0,1.260536398467433,full_time,Dermatology | full_time,28,False,0.022616748785452216,-0.4463728084615075,0.0,0.14495448856800466,-0.11574668784470046
PRV0198,Lauren Hall,Neurology,444,114103.75,256.99042792792795,41.46396396396396,444,5,366,1.2131147540983607,1.0,0.0,1.4022988505747127,full_time,Neurology | full_time,12,False,0.23149200197481523,1.4522149880215485,0.0,-0.4307408494358147,0.8411812251787335
PRV0199,Tracy Scott,OB/GYN,348,82865.28,238.11862068965516,27.45689655172414,348,5,296,1.1756756756756757,1.0,0.0,1.1340996168582376,full_time,OB/GYN | full_time,13,False,-2.6978301618468175,-2.455695985527226,0.0,-0.7579573443733238,-3.2543130735873276
PRV0200,Michael Shelton,Emergency Medicine,738,96070.88,130.17734417344175,28.218157181571815,737,4,305,2.419672131147541,1.0013568521031209,0.0,1.1685823754789273,full_time,Emergency Medicine | full_time,29,False,-0.060247566065190765,1.524762095946896,0.0,-0.01647354138393406,-0.15180213816150065
PRV0201,Mary Hopkins,Radiology,688,221313.14,321.67607558139537,39.29505813953488,687,6,329,2.0911854103343464,1.0014556040756915,0.0,1.260536398467433,full_time,Radiology | full_time,30,False,-0.3301275019042347,-0.7555058611322271,0.0,0.018075280857048487,0.06816863897910988
PRV0202,Mark Rhodes,Ophthalmology,528,125186.26,237.0951893939394,25.255681818181817,528,4,324,1.6296296296296295,1.0,0.0,1.2413793103448276,full_time,Ophthalmology | full_time,24,False,-0.004161485794323867,1.631598575386026,0.0,-0.6898236977967241,0.336351492646921
PRV0203,Joseph Townsend,Neurology,471,121723.96,258.43728237791936,41.210191082802545,471,5,397,1.18639798488665,1.0,0.0,1.5210727969348659,full_time,Neurology | full_time,12,False,0.5373877443910036,0.2736441222396562,0.0,-0.4307408494358147,0.3882740492065883
PRV0204,Michelle Fuller,Gastroenterology,452,150862.57,333.76674778761065,29.0929203539823,452,5,393,1.1501272264631044,1.0,0.0,1.5057471264367817,full_time,Gastroenterology | full_time,11,False,-0.17000884383830375,0.77949991532527,0.0,-0.812325312720641,0.0
PRV0205,Timothy Romero,Pulmonology,502,88964.51,177.22013944223107,25.54780876494024,501,5,399,1.2581453634085213,1.001996007984032,0.0,1.528735632183908,full_time,Pulmonology | full_time,19,False,0.03633821612058696,0.47798214285714125,0.0,0.019358971711846706,0.13183728545093418
PRV0206,Kathryn Espinoza,Ophthalmology,487,112811.92,231.6466529774127,24.856262833675565,487,4,309,1.5760517799352751,1.0,0.0,1.1839080459770115,full_time,Ophthalmology | full_time,24,False,-0.3195170807873938,0.013415649993390127,0.0,-0.6898236977967241,-0.30509519461627943
PRV0207,Kristi Jenkins,Dermatology,524,41749.71,79.67501908396946,13.110687022900763,524,7,296,1.7702702702702702,1.0,0.0,1.1340996168582376,full_time,Dermatology | full_time,28,False,0.8550146186577262,0.291553870656224,0.0,-0.6745,1.3521461910954216
PRV0208,David Case,Gastroenterology,448,150358.62,335.6219196428571,28.939732142857142,447,5,404,1.108910891089109,1.0022371364653244,0.0,1.5478927203065134,full_time,Gastroenterology | full_time,11,False,0.0,-0.7035364635031293,0.0,0.5231392583667506,-0.3791133253342166
PRV0209,Victoria Lopez,Cardiology,518,85963.3,165.9523166023166,25.84942084942085,517,8,373,1.388739946380697,1.001934235976789,0.0,1.4291187739463602,full_time,Cardiology | full_time,20,False,0.01668385740911377,-0.7800267073885393,0.0,0.0,0.6110488408307883
PRV0210,Shawn Callahan DDS,Internal Medicine,666,68441.78,102.76543543543544,19.72222222222222,664,6,385,1.7298701298701298,1.0030120481927711,0.0,1.475095785440613,full_time,Internal Medicine | full_time,22,False,0.23190770589356763,-0.7984055738459739,0.0,2.076322289156055,0.021133477305127532
PRV0211,Kenneth Sanders,Orthopedic Surgery,385,83572.07,217.0703116883117,29.883116883116884,384,6,373,1.032171581769437,1.0026041666666667,0.0,1.4291187739463602,full_time,Orthopedic Surgery | full_time,13,False,-1.3641565141291374,0.39476949963670244,0.0,-0.2262303564690993,-1.1099030205264682
PRV0212,Donald Barnes,Psychiatry,383,46656.97,121.81976501305483,46.29242819843342,383,6,325,1.1784615384615384,1.0,0.0,1.2452107279693487,full_time,Psychiatry | full_time,13,False,-1.2871559348173975,0.1258839848675929,0.0,-0.3472261949015005,0.0
PRV0213,Megan Paul,Psychiatry,395,48901.26,123.8006582278481,46.12658227848101,394,6,335,1.1791044776119404,1.00253807106599,0.0,1.2835249042145593,full_time,Psychiatry | full_time,13,False,-0.5279543837729601,0.15876413016883348,0.0,0.09137167492589059,-0.21324225644623207
PRV0214,Marcus Stone,Radiology,654,209648.59,320.56359327217126,39.30428134556575,653,6,306,2.1372549019607843,1.001531393568147,0.0,1.1724137931034482,full_time,Radiology | full_time,30,False,-0.7207742824530574,-0.04702157720588748,0.0,0.05743769060617914,0.09589593556511716
PRV0215,Gerald Russell,OB/GYN,459,123607.75,269.2979302832244,29.880174291939,458,5,378,1.2142857142857142,1.002183406113537,0.0,1.4482758620689655,full_time,OB/GYN | full_time,13,False,-0.207095591183705,-1.0202999532342274,0.0,1.1662246212114338,-0.37992326826575723
PRV0216,Janet Harrison,Ophthalmology,564,220562.11000000002,391.06757092198586,25.52304964539007,563,4,361,1.5623268698060941,1.0017761989342806,0.0,1.3831417624521072,full_time,Ophthalmology | full_time,24,False,8.907599082051982,-0.40111041535427044,0.0,0.6080852898900605,0.7657307001863415
PRV0217,Thomas Baker,Orthopedic Surgery,399,85496.59,214.2771679197995,28.43358395989975,399,6,389,1.025706940874036,1.0,0.0,1.4904214559386972,full_time,Orthopedic Surgery | full_time,13,False,-1.4871065059717496,-0.10129734762030078,0.0,-0.28913616151079224,-1.7395858993215356
PRV0218,Jordan Williams,OB/GYN,488,143281.82,293.6102868852459,31.403688524590162,488,5,393,1.2417302798982188,1.0,0.0,1.5057471264367817,full_time,OB/GYN | full_time,13,False,1.7350778524333472,0.0,0.0,-0.7579573443733238,1.4272050298741565
PRV0219,Stephen Rodriguez,Family Medicine,757,74937.65,98.99293262879787,19.41215323645971,754,7,380,1.9921052631578948,1.0039787798408488,0.0,1.4559386973180077,full_time,Family Medicine | full_time,38,False,-1.3464268298170974,1.2840262753460676,0.0,0.9386658188746035,-1.0573559874836471
PRV0220,Anna Odonnell,Psychiatry,389,49078.58,126.16601542416453,46.11825192802056,388,6,334,1.1646706586826348,1.0025773195876289,0.0,1.2796934865900382,full_time,Psychiatry | full_time,13,False,0.37859769021400813,-0.5793866938254536,0.0,0.09815411621186851,-0.22395329913985648
PRV0221,Karen Barton,Family Medicine,780,78291.94,100.37428205128205,19.51923076923077,777,7,404,1.9306930693069306,1.0038610038610039,0.0,1.5478927203065134,full_time,Family Medicine | full_time,38,False,-0.6184987765235604,-0.9269628466322699,0.0,0.8909144497187176,-0.7978221829018409
PRV0222,Stephanie Vazquez,Pulmonology,391,71869.82,183.8102813299233,25.95907928388747,390,5,317,1.2334384858044165,1.0025641025641026,0.0,1.21455938697318,full_time,Pulmonology | full_time,19,False,0.8601296049974022,-0.9718544952681245,0.0,0.9450156498673886,0.7254965466871159
PRV0223,Frederick Morris,Cardiology,455,87905.35,193.19857142857146,26.164835164835164,454,8,320,1.421875,1.002202643171806,0.0,1.2260536398467432,full_time,Cardiology | full_time,20,False,1.7161920647582722,0.3061852998185319,0.0,0.09359801762113958,1.003724874073117
PRV0224,Joshua Flores,Emergency Medicine,677,88985.14,131.44038404726734,28.45642540620384,677,4,301,2.249169435215947,1.0,0.0,1.1532567049808429,full_time,Emergency Medicine | full_time,29,False,0.2765946884119811,-1.6971862401402198,0.0,-0.6745,0.2003904392432577
PRV0225,Robert Johnson,Ophthalmology,636,160677.87,252.63816037735847,25.40880503144654,636,4,401,1.5860349127182045,1.0,0.0,1.5363984674329503,full_time,Ophthalmology | full_time,24,False,0.8954494349602049,0.3149308303042947,0.0,-0.6898236977967241,0.5822596284686835
PRV0226,Henry Richards,Dermatology,727,55072.97,75.75374140302614,12.414030261348005,726,7,405,1.7950617283950616,1.0013774104683195,0.0,1.5517241379310345,full_time,Dermatology | full_time,28,False,-0.7852962409185962,0.818645587889894,0.0,-0.031126641206959915,-0.883341836048238
PRV0227,Guy Green,Gastroenterology,447,140899.88999999998,315.2122818791946,28.7248322147651,445,5,406,1.1009852216748768,1.0044943820224719,0.0,1.5555555555555556,full_time,Gastroenterology | full_time,11,False,-1.8703490512461922,-0.9887160157660396,0.0,1.8706080053739684,-0.9109520729418494
PRV0228,Samantha Thomas,Endocrinology,500,46543.04,93.08608,17.25,500,4,356,1.404494382022472,1.0,0.0,1.3639846743295019,full_time,Endocrinology | full_time,19,False,-1.5245399722376787,-0.43956179775279974,0.0,-0.6816805699799809,-1.2369819326505522
PRV0229,Dean Hall,Endocrinology,453,42274.62,93.3214569536424,17.19646799116998,453,4,327,1.385321100917431,1.0,0.0,1.2528735632183907,full_time,Endocrinology | full_time,19,False,-1.4349439578279761,-1.4418211009174293,0.0,-0.6816805699799809,-1.336159037844121
PRV0230,William Smith,Orthopedic Surgery,316,75557.01,239.10446202531645,31.914556962025316,316,6,308,1.025974025974026,1.0,0.0,1.1800766283524904,full_time,Orthopedic Surgery | full_time,13,False,-0.39424632377876867,-0.08080246389124515,0.0,-0.28913616151079224,-0.22743735417393693
PRV0231,Tammy Graham,Radiology,665,214306.26,322.26505263157895,39.045112781954884,665,6,304,2.1875,1.0,0.0,1.1647509578544062,full_time,Radiology | full_time,30,False,-0.12330894257646438,0.7256776874999971,0.0,-0.7379145299144747,-0.6832304988827587
PRV0232,Mark Ortiz,Orthopedic Surgery,304,83096.83,273.3448355263158,34.358552631578945,303,6,298,1.0201342281879195,1.0033003300330032,0.0,1.1417624521072798,full_time,Orthopedic Surgery | full_time,13,False,1.1129634697501476,-0.5289217211315274,0.0,-0.20941395314112596,0.8342441049485206
PRV0233,Juan Gonzalez,Dermatology,625,49221.15,78.75384,13.0,625,7,355,1.7605633802816902,1.0,0.0,1.3601532567049808,full_time,Dermatology | full_time,28,False,0.46967591581784435,0.0851754766414524,0.0,-0.6745,0.9969648046357247
PRV0234,Catherine Morris,Radiology,804,256065.74,318.4897263681592,38.78731343283582,803,6,383,2.0992167101827675,1.0012453300124533,0.0,1.4674329501915708,full_time,Radiology | full_time,30,False,-1.4490100688756706,-0.6319957132832981,0.0,-0.09113370799663649,-1.4582407272980455
PRV0235,Brent Jenkins,Radiology,689,225601.5,327.433236574746,39.970972423802614,689,6,322,2.139751552795031,1.0,0.0,1.2337164750957854,full_time,Radiology | full_time,30,False,1.6914924272452423,-0.008626582686340003,0.0,-0.7379145299144747,2.1001384078304763
PRV0236,Ann Mooney,Family Medicine,571,56786.98,99.45180385288967,19.413309982486865,568,7,304,1.8782894736842106,1.005281690140845,0.0,1.1647509578544062,full_time,Family Medicine | full_time,38,False,-1.104616009594028,-2.8136204077603595,0.0,1.4669208229426614,-1.054552274234065
PRV0237,Andrew Sanchez,Emergency Medicine,853,113425.63,132.97260257913248,28.792497069167645,852,4,367,2.32425068119891,1.0011737089201878,0.0,1.4061302681992338,full_time,Emergency Medicine | full_time,29,False,0.685224657521274,-0.27839403721101585,0.0,-0.1052916666666817,0.6971496917819436
PRV0238,Christy Lowery,Emergency Medicine,683,86592.41,126.78244509516838,27.73060029282577,682,4,291,2.3470790378006874,1.001466275659824,0.0,1.1149425287356323,full_time,Emergency Medicine | full_time,29,False,-0.965638981606505,0.15298791347796017,0.0,0.036593108504402776,-0.8724769891371352
PRV0239,Jasmine Sanchez,Dermatology,725,54902.39,75.72743448275862,12.372413793103448,723,7,402,1.8034825870646767,1.0027662517289073,0.0,1.5402298850574712,full_time,Dermatology | full_time,28,False,-0.7963006967383209,0.9976816427442425,0.0,0.617585915584397,-1.0168840933362506
PRV0240,Thomas Oliver,Internal Medicine,595,61562.06,103.46564705882352,20.092436974789916,595,6,342,1.739766081871345,1.0,0.0,1.3103448275862069,full_time,Internal Medicine | full_time,22,False,0.5851543815116232,-0.5566360906356216,0.0,-0.6745,0.8097851245037142
PRV0241,Elizabeth Conner,Cardiology,487,76924.36,157.95556468172484,24.856262833675565,487,8,346,1.407514450867052,1.0,0.0,1.3256704980842913,full_time,Cardiology | full_time,20,False,-0.48212031247939674,-0.16457298165315193,0.0,-0.6745,-0.6253863206278973
PRV0242,Erika Miller,Orthopedic Surgery,380,88440.34,232.73773684210525,30.81578947368421,380,6,370,1.027027027027027,1.0,0.0,1.417624521072797,full_time,Orthopedic Surgery | full_time,13,False,-0.6745,0.0,0.0,-0.28913616151079224,-0.704746330122884
PRV0243,Austin Jenkins,Family Medicine,766,77949.38,101.76159268929504,19.92167101827676,764,7,391,1.959079283887468,1.0026178010471205,0.0,1.4980842911877394,full_time,Family Medicine | full_time,38,False,0.11257065138853517,0.09501027818430267,0.0,0.38686738868367015,0.17760978913537212
PRV0244,Mark Walsh,Gastroenterology,376,125269.01,333.1622606382979,28.92287234042553,375,5,333,1.1291291291291292,1.0026666666666666,0.0,1.2758620689655173,full_time,Gastroenterology | full_time,11,False,-0.22540433783480168,0.023951370072686537,0.0,0.779548456015463,-0.42083831002709077
PRV0245,Ashley Fuller,Pulmonology,440,76084.89,172.92020454545454,25.420454545454547,440,5,352,1.25,1.0,0.0,1.3486590038314177,full_time,Pulmonology | full_time,19,False,-0.5011690790274803,0.0,0.0,-3.2329482758621184,-0.05199551649344114
PRV0246,Holly Martin,Family Medicine,644,65901.53,102.33156832298137,19.906832298136646,644,7,332,1.9397590361445782,1.0,0.0,1.2720306513409962,full_time,Family Medicine | full_time,38,False,0.41293002947253316,-0.6005658755860959,0.0,-0.6745,0.1416437989465349
PRV0247,Jesus Erickson,Cardiology,513,100143.64,195.2117738791423,26.62768031189084,513,8,356,1.4410112359550562,1.0,0.0,1.3639846743295019,full_time,Cardiology | full_time,20,False,1.8417672716855609,0.9334970738070544,0.0,-0.6745,1.579945379830908
PRV0248,Aaron Wilcox,Dermatology,695,52598.55,75.68136690647482,12.489208633093526,694,7,387,1.7958656330749354,1.0014409221902016,0.0,1.4827586206896552,full_time,Dermatology | full_time,28,False,-0.8155712385874525,0.835737422346502,0.0,-0.0014610108303553127,-0.6421034540899806
PRV0249,Robert Lawson,Orthopedic Surgery,404,100236.91,248.11116336633665,32.43811881188119,404,6,387,1.0439276485788114,1.0,0.0,1.4827586206896552,full_time,Orthopedic Surgery | full_time,13,False,0.002215136204413557,1.2968760655896272,0.0,-0.28913616151079224,0.0
PRV0250,Amanda Taylor,Radiology,649,210280.37,324.00673343605547,39.152542372881356,648,6,307,2.1140065146579805,1.001543209876543,0.0,1.1762452107279693,full_time,Radiology | full_time,30,False,0.4882801077581544,-0.40454922618078615,0.0,0.06357466761636936,-0.3602699014763089
PRV0251,Angela Hernandez,Radiology,795,261402.11,328.8076855345912,40.15094339622642,793,6,366,2.1721311475409837,1.0025220680958387,0.0,1.4022988505747127,full_time,Radiology | full_time,30,False,2.174128471648217,0.4893262530737683,0.0,0.5719593666808258,2.641176796495593
PRV0252,Sharon Kim,Family Medicine,587,104276.76,177.64354344122657,36.14991482112436,586,7,303,1.9372937293729373,1.0017064846416381,0.0,1.160919540229885,full_time,Family Medicine | full_time,38,False,40.099991496458784,-0.689322946660052,0.0,0.01738113050704494,39.51151809685859
PRV0253,Hunter Snow,Family Medicine,776,78819.09,101.57099226804124,19.748711340206185,774,7,385,2.0155844155844154,1.0025839793281655,0.0,1.475095785440613,full_time,Family Medicine | full_time,38,False,0.0121301753280331,2.1293331656077834,0.0,0.37315463172393026,-0.24160871662602174
PRV0254,Richard English,Internal Medicine,578,59325.68,102.6395847750865,19.757785467128027,577,6,317,1.8233438485804416,1.001733102253033,0.0,1.21455938697318,full_time,Internal Medicine | full_time,22,False,0.1684178609557075,1.4852648262900467,0.0,0.9082954939337802,0.09689224023978919
PRV0255,Daniel Wright,Ophthalmology,515,115910.78,225.06947572815534,24.563106796116504,515,4,340,1.5147058823529411,1.0,0.0,1.3026819923371646,full_time,Ophthalmology | full_time,24,False,-0.7001972279408686,-1.8393814401645296,0.0,-0.6898236977967241,-0.7758889636603824
PRV0256,Michael Mckinney,Family Medicine,698,122292.99,175.20485673352437,35.65902578796562,695,7,361,1.9335180055401662,1.0043165467625899,0.0,1.3831417624521072,full_time,Family Medicine | full_time,38,False,38.814879678380166,-0.8252582357023319,0.0,1.0756108308365842,38.32170455608932
PRV0257,Stephanie Sutton,General Surgery,373,180257.15,483.2631367292225,54.71849865951743,373,6,371,1.005390835579515,1.0,0.0,1.421455938697318,full_time,General Surgery | full_time,9,False,0.48842549610397273,1.4619865887218797,0.0,-0.6138497324331675,0.578981122287122
PRV0258,Robert Lewis,Pulmonology,463,79340.04,171.36077753779696,24.989200863930886,462,5,382,1.212041884816754,1.0021645021645023,0.0,1.4636015325670497,full_time,Pulmonology | full_time,19,False,-0.6961030519802407,-2.2274391361256307,0.0,0.29390438871490254,-0.6745
PRV0259,Ricardo Edwards,Family Medicine,680,69995.26,102.93420588235293,20.154411764705884,680,7,350,1.9428571428571428,1.0,0.0,1.3409961685823755,full_time,Family Medicine | full_time,38,False,0.7305012234764395,-0.489026459540615,0.0,-0.6745,0.7417252467739734
PRV0260,Teresa Wilkerson,Radiology,666,215970.57,324.28013513513514,39.129129129129126,666,6,303,2.198019801980198,1.0,0.0,1.160919540229885,full_time,Radiology | full_time,30,False,0.5842847746697035,0.8874575142326733,0.0,-0.7379145299144747,-0.43065605043426736
PRV0261,Alyssa Burke,Dermatology,500,38788.49,77.57697999999999,12.75,500,7,291,1.7182130584192439,1.0,0.0,1.1149425287356323,full_time,Dermatology | full_time,28,False,-0.02261674878544627,-0.8152356150947373,0.0,-0.6745,0.1947447765974386
PRV0262,Francisco Davis,Dermatology,671,58266.83,86.83581222056632,14.724292101341282,670,7,327,2.051987767584098,1.001492537313433,0.0,1.2528735632183907,full_time,Dermatology | full_time,28,False,3.850448173955902,6.281155558724201,0.0,0.02264784848325881,6.5300114361725194
PRV0263,Donna Jones,Radiology,725,235836.1,325.2911724137931,39.48275862068966,722,6,345,2.101449275362319,1.0041551246537397,0.0,1.3218390804597702,full_time,Radiology | full_time,30,False,0.9393092587876027,-0.5976619864130489,0.0,1.4201117858751275,0.6324438913042829
PRV0264,Ronald Nelson,Family Medicine,840,107172.15,127.58589285714285,25.166666666666668,840,7,316,2.6582278481012658,1.0,0.0,1.210727969348659,full_time,Family Medicine | full_time,38,False,13.72117122910712,25.266067900305227,0.0,-0.6745,12.890395005732557
PRV0265,Denise Williams,Emergency Medicine,813,105355.72,129.5888314883149,28.13038130381304,811,4,338,2.405325443786982,1.002466091245376,0.0,1.2950191570881227,full_time,Emergency Medicine | full_time,29,False,-0.2171990160982866,1.2536562039423496,0.0,0.5214691738594027,-0.2815467260920611
PRV0266,Shannon Mayo,Family Medicine,675,67984.56,100.71786666666667,19.59259259259259,674,7,342,1.9736842105263157,1.0014836795252227,0.0,1.3103448275862069,full_time,Family Medicine | full_time,38,False,-0.4374404026265708,0.6208233439762351,0.0,-0.07295349780834147,-0.620008288283439
PRV0267,Ryan Barker,Gastroenterology,343,122307.44,356.58145772594753,29.548104956268222,343,5,309,1.110032362459547,1.0,0.0,1.1839080459770115,full_time,Gastroenterology | full_time,11,False,1.9207421818167494,-0.6631839473203499,0.0,-0.812325312720641,1.1265001852692025
PRV0268,Mark Mcintyre,Psychiatry,354,50520.66,142.71372881355933,52.824858757062145,354,6,305,1.160655737704918,1.0,0.0,1.1685823754789273,full_time,Psychiatry | full_time,13,False,6.7207112264948865,-0.7847112335393599,0.0,-0.3472261949015005,8.399303599389302
PRV0269,David White,Emergency Medicine,736,97860.94,132.96323369565218,28.777173913043477,736,4,313,2.351437699680511,1.0,0.0,1.1992337164750957,full_time,Emergency Medicine | full_time,29,False,0.6827260540338944,0.23535249612889098,0.0,-0.6745,0.6745
PRV0270,Michelle Houston,Ophthalmology,515,124278.12,241.31673786407765,24.83495145631068,515,4,309,1.6666666666666667,1.0,0.0,1.1839080459770115,full_time,Ophthalmology | full_time,24,False,0.2401773288558684,2.750208248644031,0.0,-0.6898236977967241,-0.3393201887752826
PRV0271,Justin Vasquez,Emergency Medicine,853,118548.21,138.9779718640094,29.82415005861665,853,4,360,2.3694444444444445,1.0,0.0,1.3793103448275863,full_time,Emergency Medicine | full_time,29,False,2.286806817203138,0.5756216104294472,0.0,-0.6745,2.2220719759115193
PRV0272,Angela Garcia,Cardiology,435,70834.75,162.83850574712645,25.448275862068964,434,8,297,1.4646464646464648,1.0023041474654377,0.0,1.1379310344827587,full_time,Cardiology | full_time,20,False,-0.1775427303650416,1.708291932830226,0.0,0.12899423963134174,0.11164214084803706
PRV0273,Anthony Patel,General Surgery,292,129541.95,443.63681506849315,51.592465753424655,292,6,291,1.0034364261168385,1.0,0.0,1.1149425287356323,full_time,General Surgery | full_time,9,False,-1.2253493582629862,0.6483949563552629,0.0,-0.6138497324331675,-0.7319935586932279
PRV0274,Jacob Smith,Family Medicine,626,64688.909999999996,103.33691693290734,20.135782747603834,626,7,326,1.9202453987730062,1.0,0.0,1.2490421455938698,full_time,Family Medicine | full_time,38,False,0.9427173842091008,-1.3031045287968774,0.0,-0.6745,0.6965723602720789
PRV0275,Amy Silva,Emergency Medicine,747,98281.39,131.56812583668005,28.527443105756358,744,4,314,2.378980891719745,1.0040322580645162,0.0,1.2030651340996168,full_time,Emergency Medicine | full_time,29,False,0.3106623637312062,0.7558295553124093,0.0,1.2810060483871615,0.3053641791759959
PRV0276,Darius Patterson,Dermatology,582,46277.98,79.51542955326461,12.972508591065292,582,7,327,1.7798165137614679,1.0,0.0,1.2528735632183907,full_time,Dermatology | full_time,28,False,0.7882566735211095,0.49451675608144224,0.0,-0.6745,0.9087481692500715
PRV0277,Deanna Herrera,Psychiatry,338,39298.02,116.26633136094674,46.849112426035504,338,6,296,1.1418918918918919,1.0,0.0,1.1340996168582376,full_time,Psychiatry | full_time,13,False,-3.41557730090444,-1.7443012295081763,0.0,-0.3472261949015005,0.715776431858919
PRV0278,Joel Thompson,Family Medicine,772,72824.71,94.33252590673575,18.42616580310881,769,7,393,1.9643765903307888,1.0039011703511054,0.0,1.5057471264367817,full_time,Family Medicine | full_time,38,False,-3.8023157870412065,0.28572626124121175,0.0,0.9071996455545643,-3.447185704559155
PRV0279,Nicole Thomas,Gastroenterology,602,172232.32,286.1001993355482,33.09800664451827,600,6,345,1.7449275362318841,1.0033333333333334,0.0,1.3218390804597702,full_time,Gastroenterology | full_time,11,False,-4.538194340605162,22.181463227232204,0.0,1.1775168981995883,9.911869658266465
PRV0280,Darrell Mcgrath,Ophthalmology,502,193312.22,385.0841035856574,25.577689243027887,502,4,319,1.573667711598746,1.0,0.0,1.2222222222222223,full_time,Ophthalmology | full_time,24,False,8.561282244332773,-0.058589081386246265,0.0,-0.6898236977967241,0.8534791304255731
PRV0281,Bailey Johnson,Internal Medicine,678,68555.89,101.1148820058997,19.446902654867255,677,6,372,1.8225806451612903,1.0014771048744462,0.0,1.4252873563218391,full_time,Internal Medicine | full_time,22,False,-0.6007727187647462,1.4666188894251608,0.0,0.6744999999997973,-0.5653672733930598
PRV0282,Breanna Wiggins,Gastroenterology,448,151772.95,338.77890625000003,29.129464285714285,447,5,397,1.128463476070529,1.0022371364653244,0.0,1.5210727969348659,full_time,Gastroenterology | full_time,11,False,0.2893077757597164,0.0,0.0,0.5231392583667506,0.09043967142079735
PRV0283,Kristina Hicks,Cardiology,518,91214.06,176.08891891891892,25.57915057915058,517,8,357,1.4509803921568627,1.001934235976789,0.0,1.367816091954023,full_time,Cardiology | full_time,20,False,0.6489630070227231,1.2602995378240982,0.0,0.0,0.2745750270355729
PRV0284,Darren West,Radiology,847,273685.7,323.1236127508855,39.303423848878396,847,6,387,2.1886304909560725,1.0,0.0,1.4827586206896552,full_time,Radiology | full_time,30,False,0.17817337649846915,0.7430630557170542,0.0,-0.7379145299144747,0.09331808303833104
PRV0285,Taylor Navarro,Dermatology,505,38971.32,77.17093069306931,12.594059405940595,502,7,290,1.7413793103448276,1.0059760956175299,0.0,1.1111111111111112,full_time,Dermatology | full_time,28,False,-0.1924713578886739,-0.32269744134718265,0.0,2.116868875400961,-0.30564989435713424
PRV0286,Jamie White,Dermatology,657,50308.64,76.57327245053273,12.56468797564688,657,7,377,1.742705570291777,1.0,0.0,1.4444444444444444,full_time,Dermatology | full_time,28,False,-0.44247795913304655,-0.29449980047358,0.0,-0.6745,-0.3998992928921277
PRV0287,Megan George,Emergency Medicine,773,101264.31,131.00169469598964,28.272962483829236,772,4,336,2.300595238095238,1.0012953367875648,0.0,1.2873563218390804,full_time,Emergency Medicine | full_time,29,False,0.15959987838121387,-0.7254052421121794,0.0,-0.04630634715025279,-0.07079250841629532
PRV0288,Jacob Bauer,Ophthalmology,513,124075.55,241.86267056530215,24.922027290448344,513,4,324,1.5833333333333333,1.0,0.0,1.2413793103448276,full_time,Ophthalmology | full_time,24,False,0.2717753431957591,0.23333648381352737,0.0,-0.6898236977967241,-0.19948080328054915
PRV0289,Curtis Taylor,Dermatology,601,46401.84,77.20772046589018,12.346089850249584,601,7,333,1.8048048048048049,1.0,0.0,1.2758620689655173,full_time,Dermatology | full_time,28,False,-0.17708181682845053,1.0257933421728478,0.0,-0.6745,-1.1013544700334705
PRV0290,Marissa Pineda,Internal Medicine,672,68445.19,101.8529613095238,19.702380952380953,671,6,386,1.7409326424870466,1.0014903129657229,0.0,1.4789272030651341,full_time,Internal Medicine | full_time,22,False,-0.2284223440506713,-0.5281356737826395,0.0,0.6865625931443359,-0.021133477305135102
PRV0291,Benjamin Hayden,Endocrinology,410,39828.16,97.14185365853659,17.951219512195124,410,4,293,1.3993174061433447,1.0,0.0,1.1226053639846743,full_time,Endocrinology | full_time,19,False,0.019286428476158267,-0.7101817406143326,0.0,-0.6816805699799809,0.06214587601402291
PRV0292,Cynthia Douglas,Psychiatry,388,49404.52,127.33123711340205,46.81701030927835,388,6,332,1.1686746987951808,1.0,0.0,1.2720306513409962,full_time,Psychiatry | full_time,13,False,0.8251831533643136,-0.37461860556980814,0.0,-0.3472261949015005,0.6745
PRV0293,Jamie Lewis,Family Medicine,718,69877.93,97.32302228412256,19.03899721448468,716,7,365,1.9671232876712328,1.0027932960893855,0.0,1.3984674329501916,full_time,Family Medicine | full_time,38,False,-2.2264174872049933,0.38461408074862546,0.0,0.45802050971271585,-1.9618090466781961
PRV0294,Connie Huber,Emergency Medicine,878,113853.64,129.67384965831434,28.132118451025057,877,4,385,2.2805194805194806,1.001140250855188,0.0,1.475095785440613,full_time,Emergency Medicine | full_time,29,False,-0.19452537558415461,-1.104771992669902,0.0,-0.12151767388827371,-0.2789789881787188
PRV0295,Claire Saunders MD,Dermatology,675,51761.75,76.68407407407408,12.6,675,7,387,1.744186046511628,1.0,0.0,1.4827586206896552,full_time,Dermatology | full_time,28,False,-0.396128498283378,-0.26302336414955313,0.0,-0.6745,-0.2865872402255342
PRV0296,Ronald Walters,Family Medicine,737,127015.28,172.3409497964722,35.08141112618725,736,7,378,1.9497354497354498,1.0013586956521738,0.0,1.4482758620689655,full_time,Family Medicine | full_time,38,False,37.30569006453637,-0.24139059552194791,0.0,-0.12362725206912278,36.92168601929607
PRV0297,Scott Johnson,Emergency Medicine,820,110434.16,134.67580487804878,29.01829268292683,818,4,350,2.342857142857143,1.0024449877750612,0.0,1.3409961685823755,full_time,Emergency Medicine | full_time,29,False,1.1394545785925456,0.07320778264680332,0.0,0.5112347188264459,1.0309060678129918
PRV0298,Tammy Nelson,Family Medicine,783,78279.81,99.97421455938697,19.572158365261814,783,7,400,1.9575,1.0,0.0,1.5325670498084292,full_time,Family Medicine | full_time,38,False,-0.8293218643107882,0.03815219712989118,0.0,-0.6745,-0.6695366312102908
PRV0299,William Bradford,Gastroenterology,409,144947.43,354.3946943765281,29.767726161369193,409,5,362,1.1298342541436464,1.0,0.0,1.3869731800766283,full_time,Gastroenterology | full_time,11,False,1.7203461334768577,0.04932301067736288,0.0,-0.812325312720641,1.6700232460072817
PRV0300,Cynthia Fuentes,Family Medicine,618,59329.14,96.00184466019418,18.705501618122977,617,7,303,2.0396039603960396,1.0016207455429498,0.0,1.160919540229885,full_time,Family Medicine | full_time,38,False,-2.9226368797694264,2.9940955029092815,0.0,-0.01738113050704494,-2.7701334327105873
